photo_id,file,photographer_username,photo_url
-KJm6jhj7sM,-KJm6jhj7sM.jpg,pascal_braendle,https://unsplash.com/photos/-KJm6jhj7sM
0AbVUUorULU,0AbVUUorULU.jpg,michalkubicek,https://unsplash.com/photos/0AbVUUorULU
0QZOCgk10w4,0QZOCgk10w4.jpg,jakewxlker,https://unsplash.com/photos/0QZOCgk10w4
1-Q3MudbHvY,1-Q3MudbHvY.jpg,skopekmiroslav,https://unsplash.com/photos/1-Q3MudbHvY
12aMnqeePt0,12aMnqeePt0.jpg,chengfengrecord,https://unsplash.com/photos/12aMnqeePt0
1E8qo-fplqo,1E8qo-fplqo.jpg,toanchu,https://unsplash.com/photos/1E8qo-fplqo
1dyo6hFEU_8,1dyo6hFEU_8.jpg,david_em,https://unsplash.com/photos/1dyo6hFEU_8
3_v0K6vAFa4,3_v0K6vAFa4.jpg,_carolineattwood,https://unsplash.com/photos/3_v0K6vAFa4
4esAX0n8dOA,4esAX0n8dOA.jpg,plasticmind,https://unsplash.com/photos/4esAX0n8dOA
5z1QDcisnJ8,5z1QDcisnJ8.jpg,brittaniburns,https://unsplash.com/photos/5z1QDcisnJ8
6-XmguXtoVE,6-XmguXtoVE.jpg,glencarrie,https://unsplash.com/photos/6-XmguXtoVE
69OUchIv4Po,69OUchIv4Po.jpg,benxcurry,https://unsplash.com/photos/69OUchIv4Po
7T_bmnbiKkY,7T_bmnbiKkY.jpg,noaa,https://unsplash.com/photos/7T_bmnbiKkY
7jO5mZQ7LkU,7jO5mZQ7LkU.jpg,acevvvedo,https://unsplash.com/photos/7jO5mZQ7LkU
7lf1iuSVRXY,7lf1iuSVRXY.jpg,r3dmax,https://unsplash.com/photos/7lf1iuSVRXY
80LaJg5ov2c,80LaJg5ov2c.jpg,alonsoreyes,https://unsplash.com/photos/80LaJg5ov2c
9270-pFGVTU,9270-pFGVTU.jpg,wildhoney,https://unsplash.com/photos/9270-pFGVTU
9XflZ4fpa0w,9XflZ4fpa0w.jpg,mrs80z,https://unsplash.com/photos/9XflZ4fpa0w
AKlzQNrTxuw,AKlzQNrTxuw.jpg,mischievous_penguins,https://unsplash.com/photos/AKlzQNrTxuw
ANMqonfLgHo,ANMqonfLgHo.jpg,ahmetyuksek,https://unsplash.com/photos/ANMqonfLgHo
DTnBNG6QaqU,DTnBNG6QaqU.jpg,lexmilo,https://unsplash.com/photos/DTnBNG6QaqU
Ejpx_sdKEKo,Ejpx_sdKEKo.jpg,jonathanbean,https://unsplash.com/photos/Ejpx_sdKEKo
FpCgVhP_p-c,FpCgVhP_p-c.jpg,ethanhooson,https://unsplash.com/photos/FpCgVhP_p-c
H_a57GKWIMI,H_a57GKWIMI.jpg,miriamespacio,https://unsplash.com/photos/H_a57GKWIMI
JWAqFXFGIX4,JWAqFXFGIX4.jpg,explorewithjoshua,https://unsplash.com/photos/JWAqFXFGIX4
JXUfF7HYfMo,JXUfF7HYfMo.jpg,innona,https://unsplash.com/photos/JXUfF7HYfMo
JutmyJcPvAU,JutmyJcPvAU.jpg,lmmartin09,https://unsplash.com/photos/JutmyJcPvAU
K22SK31G-QM,K22SK31G-QM.jpg,hnyuuu,https://unsplash.com/photos/K22SK31G-QM
LaX3yF3xdRE,LaX3yF3xdRE.jpg,ryansnell,https://unsplash.com/photos/LaX3yF3xdRE
Loji1ZbTm-M,Loji1ZbTm-M.jpg,andriyko,https://unsplash.com/photos/Loji1ZbTm-M
MzXxPDebYiM,MzXxPDebYiM.jpg,alecfavale,https://unsplash.com/photos/MzXxPDebYiM
N7-uM2wo61k,N7-uM2wo61k.jpg,ultrabrad,https://unsplash.com/photos/N7-uM2wo61k
PEvI6UOCEYE,PEvI6UOCEYE.jpg,ryangrewell,https://unsplash.com/photos/PEvI6UOCEYE
PtxmS7fF9PM,PtxmS7fF9PM.jpg,mis_hik,https://unsplash.com/photos/PtxmS7fF9PM
Qm8_fOqNIMs,Qm8_fOqNIMs.jpg,aaronburden,https://unsplash.com/photos/Qm8_fOqNIMs
R9S4Y746Mvw,R9S4Y746Mvw.jpg,ymwang,https://unsplash.com/photos/R9S4Y746Mvw
SwcnAmIRZYc,SwcnAmIRZYc.jpg,daniimarr,https://unsplash.com/photos/SwcnAmIRZYc
TNc2dcQ2HXI,TNc2dcQ2HXI.jpg,karl_janisse,https://unsplash.com/photos/TNc2dcQ2HXI
UZ3V6AV5y4o,UZ3V6AV5y4o.jpg,zetong,https://unsplash.com/photos/UZ3V6AV5y4o
WcWmqF1WavY,WcWmqF1WavY.jpg,will0629,https://unsplash.com/photos/WcWmqF1WavY
YGrIw0NL_gs,YGrIw0NL_gs.jpg,jim_rhoades,https://unsplash.com/photos/YGrIw0NL_gs
_NB6BO4yFDU,_NB6BO4yFDU.jpg,michael_surazhsky,https://unsplash.com/photos/_NB6BO4yFDU
_j6wbAlQ1ow,_j6wbAlQ1ow.jpg,danesduet,https://unsplash.com/photos/_j6wbAlQ1ow
bBiuSdck8tU,bBiuSdck8tU.jpg,renran,https://unsplash.com/photos/bBiuSdck8tU
c7f37k5nImk,c7f37k5nImk.jpg,muismu,https://unsplash.com/photos/c7f37k5nImk
cS-xlbMTMHw,cS-xlbMTMHw.jpg,pawel_czerwinski,https://unsplash.com/photos/cS-xlbMTMHw
cewnC88UxUQ,cewnC88UxUQ.jpg,jakub_chlouba,https://unsplash.com/photos/cewnC88UxUQ
coLq-6uXei0,coLq-6uXei0.jpg,annadudkova,https://unsplash.com/photos/coLq-6uXei0
eA_Da4OfNTU,eA_Da4OfNTU.jpg,mudmanuk,https://unsplash.com/photos/eA_Da4OfNTU
g7Kw_R1ruXM,g7Kw_R1ruXM.jpg,fareyyhan,https://unsplash.com/photos/g7Kw_R1ruXM
hNz4Qh9ECCc,hNz4Qh9ECCc.jpg,zmachacek,https://unsplash.com/photos/hNz4Qh9ECCc
hb1jbDZ7YjY,hb1jbDZ7YjY.jpg,hans_veth,https://unsplash.com/photos/hb1jbDZ7YjY
iBzFqjXPvbE,iBzFqjXPvbE.jpg,mrtwisty,https://unsplash.com/photos/iBzFqjXPvbE
iLL_Nc0sG4A,iLL_Nc0sG4A.jpg,noaa,https://unsplash.com/photos/iLL_Nc0sG4A
jSoc-A8rwfo,jSoc-A8rwfo.jpg,lindseysavagecreative,https://unsplash.com/photos/jSoc-A8rwfo
k7Qr6yWwWQ4,k7Qr6yWwWQ4.jpg,domediocre,https://unsplash.com/photos/k7Qr6yWwWQ4
kBlqlwbuxHU,kBlqlwbuxHU.jpg,dissii,https://unsplash.com/photos/kBlqlwbuxHU
l4zDaL7DhC8,l4zDaL7DhC8.jpg,maxandrey,https://unsplash.com/photos/l4zDaL7DhC8
mxxagbVu7Pg,mxxagbVu7Pg.jpg,mang5ta,https://unsplash.com/photos/mxxagbVu7Pg
njpwZMNL9TM,njpwZMNL9TM.jpg,markusspiske,https://unsplash.com/photos/njpwZMNL9TM
nqLMg7DHLqU,nqLMg7DHLqU.jpg,kxvn_lx,https://unsplash.com/photos/nqLMg7DHLqU
pCyF1HIMovI,pCyF1HIMovI.jpg,reddfrancisco,https://unsplash.com/photos/pCyF1HIMovI
qbtyUQtqJ8k,qbtyUQtqJ8k.jpg,roxannedesgagnes,https://unsplash.com/photos/qbtyUQtqJ8k
rvx_KtCp_0I,rvx_KtCp_0I.jpg,victor_vector,https://unsplash.com/photos/rvx_KtCp_0I
ry101IF-axU,ry101IF-axU.jpg,alinashchurova,https://unsplash.com/photos/ry101IF-axU
s3AFTBZ3cnc,s3AFTBZ3cnc.jpg,caribou15,https://unsplash.com/photos/s3AFTBZ3cnc
svOht0lwbyk,svOht0lwbyk.jpg,joshuaearle,https://unsplash.com/photos/svOht0lwbyk
t6iXZfv3Bfo,t6iXZfv3Bfo.jpg,morripey,https://unsplash.com/photos/t6iXZfv3Bfo
tM8vN04UZvo,tM8vN04UZvo.jpg,hiccupfromberk,https://unsplash.com/photos/tM8vN04UZvo
teEl8_uC2UQ,teEl8_uC2UQ.jpg,zubearasyraf,https://unsplash.com/photos/teEl8_uC2UQ
tvnLADoe214,tvnLADoe214.jpg,jibarox,https://unsplash.com/photos/tvnLADoe214
w-teNOBaLVc,w-teNOBaLVc.jpg,benignohoyuela,https://unsplash.com/photos/w-teNOBaLVc
wW3PRKmGy9A,wW3PRKmGy9A.jpg,matreding,https://unsplash.com/photos/wW3PRKmGy9A
xt2RVBBO6uI,xt2RVBBO6uI.jpg,jaykudva,https://unsplash.com/photos/xt2RVBBO6uI
xtRL02ZuZxE,xtRL02ZuZxE.jpg,picoftasty,https://unsplash.com/photos/xtRL02ZuZxE
ySfPejYWhzE,ySfPejYWhzE.jpg,benni_as,https://unsplash.com/photos/ySfPejYWhzE
yXAtOOBwFNY,yXAtOOBwFNY.jpg,kamman,https://unsplash.com/photos/yXAtOOBwFNY
z0P6Ljm9jBg,z0P6Ljm9jBg.jpg,weektoo,https://unsplash.com/photos/z0P6Ljm9jBg
zIrrF7Bx3pQ,zIrrF7Bx3pQ.jpg,levibare1,https://unsplash.com/photos/zIrrF7Bx3pQ
znpY1tAN8Nk,znpY1tAN8Nk.jpg,pintoart,https://unsplash.com/photos/znpY1tAN8Nk
